{
  "minecraft:recipes/decorations/crafting_table": {
    "criteria": {
      "unlock_right_away": "2023-05-21 10:22:54 +0200"
    },
    "done": true
  },
  "minecraft:recipes/building_blocks/red_stained_glass": {
    "criteria": {
      "has_glass": "2023-05-21 13:18:01 +0200"
    },
    "done": true
  },
  "minecraft:recipes/building_blocks/light_blue_stained_glass": {
    "criteria": {
      "has_glass": "2023-05-21 13:18:01 +0200"
    },
    "done": true
  },
  "minecraft:recipes/brewing/glass_bottle": {
    "criteria": {
      "has_glass": "2023-05-21 13:18:01 +0200"
    },
    "done": true
  },
  "minecraft:recipes/building_blocks/green_stained_glass": {
    "criteria": {
      "has_glass": "2023-05-21 13:18:01 +0200"
    },
    "done": true
  },
  "minecraft:recipes/building_blocks/brown_stained_glass": {
    "criteria": {
      "has_glass": "2023-05-21 13:18:01 +0200"
    },
    "done": true
  },
  "minecraft:recipes/building_blocks/light_gray_stained_glass": {
    "criteria": {
      "has_glass": "2023-05-21 13:18:01 +0200"
    },
    "done": true
  },
  "minecraft:recipes/building_blocks/blue_stained_glass": {
    "criteria": {
      "has_glass": "2023-05-21 13:18:01 +0200"
    },
    "done": true
  },
  "minecraft:recipes/building_blocks/orange_stained_glass": {
    "criteria": {
      "has_glass": "2023-05-21 13:18:01 +0200"
    },
    "done": true
  },
  "minecraft:recipes/building_blocks/cyan_stained_glass": {
    "criteria": {
      "has_glass": "2023-05-21 13:18:01 +0200"
    },
    "done": true
  },
  "minecraft:recipes/building_blocks/pink_stained_glass": {
    "criteria": {
      "has_glass": "2023-05-21 13:18:01 +0200"
    },
    "done": true
  },
  "minecraft:recipes/building_blocks/black_stained_glass": {
    "criteria": {
      "has_glass": "2023-05-21 13:18:01 +0200"
    },
    "done": true
  },
  "minecraft:recipes/building_blocks/gray_stained_glass": {
    "criteria": {
      "has_glass": "2023-05-21 13:18:01 +0200"
    },
    "done": true
  },
  "minecraft:recipes/building_blocks/purple_stained_glass": {
    "criteria": {
      "has_glass": "2023-05-21 13:18:01 +0200"
    },
    "done": true
  },
  "minecraft:recipes/building_blocks/yellow_stained_glass": {
    "criteria": {
      "has_glass": "2023-05-21 13:18:01 +0200"
    },
    "done": true
  },
  "minecraft:recipes/building_blocks/lime_stained_glass": {
    "criteria": {
      "has_glass": "2023-05-21 13:18:01 +0200"
    },
    "done": true
  },
  "minecraft:recipes/decorations/glass_pane": {
    "criteria": {
      "has_glass": "2023-05-21 13:18:01 +0200"
    },
    "done": true
  },
  "minecraft:recipes/building_blocks/magenta_stained_glass": {
    "criteria": {
      "has_glass": "2023-05-21 13:18:01 +0200"
    },
    "done": true
  },
  "minecraft:recipes/building_blocks/white_stained_glass": {
    "criteria": {
      "has_glass": "2023-05-21 13:18:01 +0200"
    },
    "done": true
  },
  "minecraft:recipes/building_blocks/stone_bricks": {
    "criteria": {
      "has_stone": "2023-05-21 13:29:42 +0200"
    },
    "done": true
  },
  "minecraft:recipes/building_blocks/stone_brick_slab_from_stone_stonecutting": {
    "criteria": {
      "has_stone": "2023-05-21 13:29:42 +0200"
    },
    "done": true
  },
  "minecraft:recipes/building_blocks/stone_brick_stairs_from_stone_stonecutting": {
    "criteria": {
      "has_stone": "2023-05-21 13:29:42 +0200"
    },
    "done": true
  },
  "minecraft:recipes/building_blocks/stone_slab_from_stone_stonecutting": {
    "criteria": {
      "has_stone": "2023-05-21 13:29:42 +0200"
    },
    "done": true
  },
  "minecraft:recipes/building_blocks/stone_bricks_from_stone_stonecutting": {
    "criteria": {
      "has_stone": "2023-05-21 13:29:42 +0200"
    },
    "done": true
  },
  "minecraft:recipes/building_blocks/stone_slab": {
    "criteria": {
      "has_stone": "2023-05-21 13:29:42 +0200"
    },
    "done": true
  },
  "minecraft:recipes/building_blocks/chiseled_stone_bricks_stone_from_stonecutting": {
    "criteria": {
      "has_stone": "2023-05-21 13:29:42 +0200"
    },
    "done": true
  },
  "minecraft:recipes/building_blocks/stone_stairs_from_stone_stonecutting": {
    "criteria": {
      "has_stone": "2023-05-21 13:29:42 +0200"
    },
    "done": true
  },
  "minecraft:recipes/redstone/stone_button": {
    "criteria": {
      "has_stone": "2023-05-21 13:29:42 +0200"
    },
    "done": true
  },
  "minecraft:recipes/decorations/stonecutter": {
    "criteria": {
      "has_stone": "2023-05-21 13:29:42 +0200"
    },
    "done": true
  },
  "minecraft:recipes/redstone/stone_pressure_plate": {
    "criteria": {
      "has_stone": "2023-05-21 13:29:42 +0200"
    },
    "done": true
  },
  "minecraft:recipes/building_blocks/smooth_stone": {
    "criteria": {
      "has_stone": "2023-05-21 13:29:42 +0200"
    },
    "done": true
  },
  "minecraft:recipes/decorations/stone_brick_walls_from_stone_stonecutting": {
    "criteria": {
      "has_stone": "2023-05-21 13:29:42 +0200"
    },
    "done": true
  },
  "minecraft:recipes/building_blocks/stone_stairs": {
    "criteria": {
      "has_stone": "2023-05-21 13:29:42 +0200"
    },
    "done": true
  },
  "minecraft:recipes/decorations/grindstone": {
    "criteria": {
      "has_stone_slab": "2023-05-21 13:39:52 +0200"
    },
    "done": true
  },
  "minecraft:recipes/building_blocks/andesite_stairs_from_andesite_stonecutting": {
    "criteria": {
      "has_andesite": "2023-05-21 17:16:51 +0200"
    },
    "done": true
  },
  "minecraft:recipes/building_blocks/andesite_stairs": {
    "criteria": {
      "has_andesite": "2023-05-21 17:16:51 +0200"
    },
    "done": true
  },
  "minecraft:recipes/building_blocks/polished_andesite_from_andesite_stonecutting": {
    "criteria": {
      "has_andesite": "2023-05-21 17:16:51 +0200"
    },
    "done": true
  },
  "minecraft:recipes/building_blocks/polished_andesite": {
    "criteria": {
      "has_andesite": "2023-05-21 17:16:51 +0200"
    },
    "done": true
  },
  "minecraft:recipes/decorations/andesite_wall_from_andesite_stonecutting": {
    "criteria": {
      "has_andesite": "2023-05-21 17:16:51 +0200"
    },
    "done": true
  },
  "minecraft:recipes/building_blocks/polished_andesite_slab_from_andesite_stonecutting": {
    "criteria": {
      "has_andesite": "2023-05-21 17:16:51 +0200"
    },
    "done": true
  },
  "minecraft:recipes/decorations/andesite_wall": {
    "criteria": {
      "has_andesite": "2023-05-21 17:16:51 +0200"
    },
    "done": true
  },
  "minecraft:recipes/building_blocks/andesite_slab": {
    "criteria": {
      "has_andesite": "2023-05-21 17:16:51 +0200"
    },
    "done": true
  },
  "minecraft:recipes/building_blocks/polished_andesite_stairs_from_andesite_stonecutting": {
    "criteria": {
      "has_andesite": "2023-05-21 17:16:51 +0200"
    },
    "done": true
  },
  "minecraft:recipes/building_blocks/andesite_slab_from_andesite_stonecutting": {
    "criteria": {
      "has_andesite": "2023-05-21 17:16:51 +0200"
    },
    "done": true
  },
  "minecraft:adventure/adventuring_time": {
    "criteria": {
      "minecraft:cherry_grove": "2023-06-17 17:33:30 +0200",
      "minecraft:badlands": "2023-06-04 13:45:20 +0200",
      "minecraft:jungle": "2023-05-28 20:19:02 +0200",
      "minecraft:old_growth_spruce_taiga": "2023-05-28 20:36:30 +0200",
      "minecraft:flower_forest": "2023-05-21 17:19:37 +0200",
      "minecraft:plains": "2023-06-04 13:48:20 +0200"
    },
    "done": false
  },
  "minecraft:recipes/building_blocks/oak_slab": {
    "criteria": {
      "has_planks": "2023-05-21 17:21:47 +0200"
    },
    "done": true
  },
  "minecraft:recipes/decorations/oak_sign": {
    "criteria": {
      "has_planks": "2023-05-21 17:21:47 +0200"
    },
    "done": true
  },
  "minecraft:recipes/redstone/oak_trapdoor": {
    "criteria": {
      "has_planks": "2023-05-21 17:21:47 +0200"
    },
    "done": true
  },
  "minecraft:recipes/redstone/oak_fence_gate": {
    "criteria": {
      "has_planks": "2023-05-21 17:21:47 +0200"
    },
    "done": true
  },
  "minecraft:recipes/redstone/oak_pressure_plate": {
    "criteria": {
      "has_planks": "2023-05-21 17:21:47 +0200"
    },
    "done": true
  },
  "minecraft:recipes/redstone/oak_door": {
    "criteria": {
      "has_planks": "2023-05-21 17:21:47 +0200"
    },
    "done": true
  },
  "minecraft:recipes/misc/stick": {
    "criteria": {
      "has_planks": "2023-05-21 17:21:47 +0200"
    },
    "done": true
  },
  "minecraft:recipes/building_blocks/oak_stairs": {
    "criteria": {
      "has_planks": "2023-05-21 17:21:47 +0200"
    },
    "done": true
  },
  "minecraft:recipes/decorations/oak_fence": {
    "criteria": {
      "has_planks": "2023-05-21 17:21:47 +0200"
    },
    "done": true
  },
  "minecraft:recipes/decorations/barrel": {
    "criteria": {
      "has_planks": "2023-05-21 17:21:47 +0200"
    },
    "done": true
  },
  "minecraft:recipes/redstone/oak_button": {
    "criteria": {
      "has_planks": "2023-05-21 17:21:47 +0200"
    },
    "done": true
  },
  "minecraft:recipes/decorations/red_glazed_terracotta": {
    "criteria": {
      "has_red_terracotta": "2023-05-21 17:24:55 +0200"
    },
    "done": true
  },
  "minecraft:recipes/decorations/lime_glazed_terracotta": {
    "criteria": {
      "has_lime_terracotta": "2023-05-21 17:25:05 +0200"
    },
    "done": true
  },
  "minecraft:recipes/building_blocks/lime_concrete_powder": {
    "criteria": {
      "has_sand": "2023-05-21 17:27:46 +0200"
    },
    "done": true
  },
  "minecraft:recipes/building_blocks/light_gray_concrete_powder": {
    "criteria": {
      "has_sand": "2023-05-21 17:27:46 +0200"
    },
    "done": true
  },
  "minecraft:recipes/building_blocks/pink_concrete_powder": {
    "criteria": {
      "has_sand": "2023-05-21 17:27:46 +0200"
    },
    "done": true
  },
  "minecraft:recipes/building_blocks/orange_concrete_powder": {
    "criteria": {
      "has_sand": "2023-05-21 17:27:46 +0200"
    },
    "done": true
  },
  "minecraft:recipes/building_blocks/red_concrete_powder": {
    "criteria": {
      "has_sand": "2023-05-21 17:27:46 +0200"
    },
    "done": true
  },
  "minecraft:recipes/building_blocks/magenta_concrete_powder": {
    "criteria": {
      "has_sand": "2023-05-21 17:27:46 +0200"
    },
    "done": true
  },
  "minecraft:recipes/building_blocks/brown_concrete_powder": {
    "criteria": {
      "has_sand": "2023-05-21 17:27:46 +0200"
    },
    "done": true
  },
  "minecraft:recipes/building_blocks/light_blue_concrete_powder": {
    "criteria": {
      "has_sand": "2023-05-21 17:27:46 +0200"
    },
    "done": true
  },
  "minecraft:recipes/building_blocks/glass": {
    "criteria": {
      "has_smelts_to_glass": "2023-05-21 17:27:46 +0200"
    },
    "done": true
  },
  "minecraft:recipes/building_blocks/green_concrete_powder": {
    "criteria": {
      "has_sand": "2023-05-21 17:27:46 +0200"
    },
    "done": true
  },
  "minecraft:recipes/building_blocks/blue_concrete_powder": {
    "criteria": {
      "has_sand": "2023-05-21 17:27:46 +0200"
    },
    "done": true
  },
  "minecraft:recipes/building_blocks/yellow_concrete_powder": {
    "criteria": {
      "has_sand": "2023-05-21 17:27:46 +0200"
    },
    "done": true
  },
  "minecraft:recipes/building_blocks/sandstone": {
    "criteria": {
      "has_sand": "2023-05-21 17:27:46 +0200"
    },
    "done": true
  },
  "minecraft:recipes/building_blocks/white_concrete_powder": {
    "criteria": {
      "has_sand": "2023-05-21 17:27:46 +0200"
    },
    "done": true
  },
  "minecraft:recipes/building_blocks/gray_concrete_powder": {
    "criteria": {
      "has_sand": "2023-05-21 17:27:46 +0200"
    },
    "done": true
  },
  "minecraft:recipes/building_blocks/black_concrete_powder": {
    "criteria": {
      "has_sand": "2023-05-21 17:27:46 +0200"
    },
    "done": true
  },
  "minecraft:recipes/building_blocks/purple_concrete_powder": {
    "criteria": {
      "has_sand": "2023-05-21 17:27:46 +0200"
    },
    "done": true
  },
  "minecraft:recipes/building_blocks/cyan_concrete_powder": {
    "criteria": {
      "has_sand": "2023-05-21 17:27:46 +0200"
    },
    "done": true
  },
  "minecraft:recipes/decorations/moss_carpet": {
    "criteria": {
      "has_moss_block": "2023-05-21 17:31:08 +0200"
    },
    "done": true
  },
  "minecraft:recipes/building_blocks/mossy_cobblestone_from_moss_block": {
    "criteria": {
      "has_moss_block": "2023-05-21 17:31:08 +0200"
    },
    "done": true
  },
  "minecraft:recipes/building_blocks/mossy_stone_bricks_from_moss_block": {
    "criteria": {
      "has_moss_block": "2023-05-21 17:31:08 +0200"
    },
    "done": true
  },
  "minecraft:recipes/misc/nether_brick": {
    "criteria": {
      "has_netherrack": "2023-05-21 17:34:44 +0200"
    },
    "done": true
  },
  "minecraft:recipes/building_blocks/lime_terracotta": {
    "criteria": {
      "has_terracotta": "2023-05-21 17:37:19 +0200"
    },
    "done": true
  },
  "minecraft:recipes/building_blocks/light_gray_terracotta": {
    "criteria": {
      "has_terracotta": "2023-05-21 17:37:19 +0200"
    },
    "done": true
  },
  "minecraft:recipes/building_blocks/white_terracotta": {
    "criteria": {
      "has_terracotta": "2023-05-21 17:37:19 +0200"
    },
    "done": true
  },
  "minecraft:recipes/building_blocks/orange_terracotta": {
    "criteria": {
      "has_terracotta": "2023-05-21 17:37:19 +0200"
    },
    "done": true
  },
  "minecraft:recipes/building_blocks/red_terracotta": {
    "criteria": {
      "has_terracotta": "2023-05-21 17:37:19 +0200"
    },
    "done": true
  },
  "minecraft:recipes/building_blocks/black_terracotta": {
    "criteria": {
      "has_terracotta": "2023-05-21 17:37:19 +0200"
    },
    "done": true
  },
  "minecraft:recipes/building_blocks/pink_terracotta": {
    "criteria": {
      "has_terracotta": "2023-05-21 17:37:19 +0200"
    },
    "done": true
  },
  "minecraft:recipes/building_blocks/magenta_terracotta": {
    "criteria": {
      "has_terracotta": "2023-05-21 17:37:19 +0200"
    },
    "done": true
  },
  "minecraft:recipes/building_blocks/cyan_terracotta": {
    "criteria": {
      "has_terracotta": "2023-05-21 17:37:19 +0200"
    },
    "done": true
  },
  "minecraft:recipes/building_blocks/blue_terracotta": {
    "criteria": {
      "has_terracotta": "2023-05-21 17:37:19 +0200"
    },
    "done": true
  },
  "minecraft:recipes/building_blocks/light_blue_terracotta": {
    "criteria": {
      "has_terracotta": "2023-05-21 17:37:19 +0200"
    },
    "done": true
  },
  "minecraft:recipes/building_blocks/yellow_terracotta": {
    "criteria": {
      "has_terracotta": "2023-05-21 17:37:19 +0200"
    },
    "done": true
  },
  "minecraft:recipes/building_blocks/purple_terracotta": {
    "criteria": {
      "has_terracotta": "2023-05-21 17:37:19 +0200"
    },
    "done": true
  },
  "minecraft:recipes/building_blocks/gray_terracotta": {
    "criteria": {
      "has_terracotta": "2023-05-21 17:37:19 +0200"
    },
    "done": true
  },
  "minecraft:recipes/building_blocks/green_terracotta": {
    "criteria": {
      "has_terracotta": "2023-05-21 17:37:19 +0200"
    },
    "done": true
  },
  "minecraft:recipes/building_blocks/brown_terracotta": {
    "criteria": {
      "has_terracotta": "2023-05-21 17:37:19 +0200"
    },
    "done": true
  },
  "minecraft:recipes/misc/charcoal": {
    "criteria": {
      "has_log": "2023-05-21 17:44:37 +0200"
    },
    "done": true
  },
  "minecraft:recipes/building_blocks/oak_planks": {
    "criteria": {
      "has_logs": "2023-05-21 17:44:37 +0200"
    },
    "done": true
  },
  "minecraft:recipes/building_blocks/terracotta": {
    "criteria": {
      "has_clay_block": "2023-05-21 17:44:58 +0200"
    },
    "done": true
  },
  "minecraft:recipes/brewing/cauldron": {
    "criteria": {
      "has_water_bucket": "2023-05-21 17:49:17 +0200"
    },
    "done": true
  },
  "minecraft:recipes/transportation/mangrove_boat": {
    "criteria": {
      "in_water": "2023-05-21 17:49:59 +0200"
    },
    "done": true
  },
  "minecraft:recipes/transportation/acacia_boat": {
    "criteria": {
      "in_water": "2023-05-21 17:49:59 +0200"
    },
    "done": true
  },
  "minecraft:recipes/transportation/spruce_boat": {
    "criteria": {
      "in_water": "2023-05-21 17:49:59 +0200"
    },
    "done": true
  },
  "minecraft:recipes/transportation/birch_boat": {
    "criteria": {
      "in_water": "2023-05-21 17:49:59 +0200"
    },
    "done": true
  },
  "minecraft:recipes/transportation/oak_boat": {
    "criteria": {
      "in_water": "2023-05-21 17:49:59 +0200"
    },
    "done": true
  },
  "minecraft:recipes/transportation/jungle_boat": {
    "criteria": {
      "in_water": "2023-05-21 17:49:59 +0200"
    },
    "done": true
  },
  "minecraft:recipes/transportation/dark_oak_boat": {
    "criteria": {
      "in_water": "2023-05-21 17:49:59 +0200"
    },
    "done": true
  },
  "minecraft:recipes/misc/white_dye": {
    "criteria": {
      "has_bone_meal": "2023-05-21 17:50:43 +0200"
    },
    "done": true
  },
  "minecraft:recipes/building_blocks/bone_block": {
    "criteria": {
      "has_bone_meal": "2023-05-21 17:50:43 +0200"
    },
    "done": true
  },
  "minecraft:recipes/misc/raw_gold": {
    "criteria": {
      "has_raw_gold_block": "2023-05-21 17:52:53 +0200"
    },
    "done": true
  },
  "minecraft:recipes/decorations/brown_glazed_terracotta": {
    "criteria": {
      "has_brown_terracotta": "2023-05-21 18:04:17 +0200"
    },
    "done": true
  },
  "minecraft:recipes/decorations/white_glazed_terracotta": {
    "criteria": {
      "has_white_terracotta": "2023-05-21 18:04:18 +0200"
    },
    "done": true
  },
  "minecraft:recipes/decorations/orange_glazed_terracotta": {
    "criteria": {
      "has_orange_terracotta": "2023-05-21 18:04:19 +0200"
    },
    "done": true
  },
  "minecraft:recipes/decorations/light_gray_glazed_terracotta": {
    "criteria": {
      "has_light_gray_terracotta": "2023-05-21 18:04:24 +0200"
    },
    "done": true
  },
  "minecraft:recipes/building_blocks/red_sandstone": {
    "criteria": {
      "has_sand": "2023-05-21 18:07:24 +0200"
    },
    "done": true
  },
  "minecraft:recipes/misc/green_dye": {
    "criteria": {
      "has_cactus": "2023-05-21 18:09:58 +0200"
    },
    "done": true
  },
  "minecraft:recipes/misc/bowl": {
    "criteria": {
      "has_red_mushroom": "2023-05-21 18:11:12 +0200"
    },
    "done": true
  },
  "minecraft:recipes/food/mushroom_stew": {
    "criteria": {
      "has_red_mushroom": "2023-05-21 18:11:12 +0200"
    },
    "done": true
  },
  "minecraft:recipes/decorations/ladder": {
    "criteria": {
      "has_stick": "2023-05-21 18:13:49 +0200"
    },
    "done": true
  },
  "minecraft:recipes/decorations/campfire": {
    "criteria": {
      "has_stick": "2023-05-21 18:13:49 +0200"
    },
    "done": true
  },
  "minecraft:recipes/tools/wooden_hoe": {
    "criteria": {
      "has_stick": "2023-05-21 18:13:49 +0200"
    },
    "done": true
  },
  "minecraft:recipes/tools/wooden_pickaxe": {
    "criteria": {
      "has_stick": "2023-05-21 18:13:49 +0200"
    },
    "done": true
  },
  "minecraft:recipes/tools/wooden_axe": {
    "criteria": {
      "has_stick": "2023-05-21 18:13:49 +0200"
    },
    "done": true
  },
  "minecraft:recipes/tools/wooden_shovel": {
    "criteria": {
      "has_stick": "2023-05-21 18:13:49 +0200"
    },
    "done": true
  },
  "minecraft:recipes/combat/wooden_sword": {
    "criteria": {
      "has_stick": "2023-05-21 18:13:49 +0200"
    },
    "done": true
  },
  "minecraft:recipes/misc/stick_from_bamboo_item": {
    "criteria": {
      "has_bamboo": "2023-05-21 18:15:29 +0200"
    },
    "done": true
  },
  "minecraft:recipes/decorations/scaffolding": {
    "criteria": {
      "has_bamboo": "2023-05-21 18:15:29 +0200"
    },
    "done": true
  },
  "minecraft:recipes/building_blocks/oak_wood": {
    "criteria": {
      "has_log": "2023-05-21 18:16:27 +0200"
    },
    "done": true
  },
  "minecraft:story/lava_bucket": {
    "criteria": {
      "lava_bucket": "2023-05-21 18:19:58 +0200"
    },
    "done": true
  },
  "minecraft:recipes/transportation/warped_fungus_on_a_stick": {
    "criteria": {
      "has_warped_fungus": "2023-05-21 18:20:55 +0200"
    },
    "done": true
  },
  "minecraft:recipes/decorations/mossy_cobblestone_wall": {
    "criteria": {
      "has_mossy_cobblestone": "2023-05-21 18:27:49 +0200"
    },
    "done": true
  },
  "minecraft:recipes/building_blocks/mossy_cobblestone_slab_from_mossy_cobblestone_stonecutting": {
    "criteria": {
      "has_mossy_cobblestone": "2023-05-21 18:27:49 +0200"
    },
    "done": true
  },
  "minecraft:recipes/building_blocks/mossy_cobblestone_stairs_from_mossy_cobblestone_stonecutting": {
    "criteria": {
      "has_mossy_cobblestone": "2023-05-21 18:27:49 +0200"
    },
    "done": true
  },
  "minecraft:recipes/decorations/mossy_cobblestone_wall_from_mossy_cobblestone_stonecutting": {
    "criteria": {
      "has_mossy_cobblestone": "2023-05-21 18:27:49 +0200"
    },
    "done": true
  },
  "minecraft:recipes/building_blocks/mossy_cobblestone_slab": {
    "criteria": {
      "has_mossy_cobblestone": "2023-05-21 18:27:49 +0200"
    },
    "done": true
  },
  "minecraft:recipes/building_blocks/mossy_cobblestone_stairs": {
    "criteria": {
      "has_mossy_cobblestone": "2023-05-21 18:27:49 +0200"
    },
    "done": true
  },
  "minecraft:recipes/decorations/chest": {
    "criteria": {
      "has_lots_of_items": "2023-05-27 20:39:42 +0200"
    },
    "done": true
  },
  "minecraft:recipes/redstone/crimson_button": {
    "criteria": {
      "has_planks": "2023-05-28 10:47:03 +0200"
    },
    "done": true
  },
  "minecraft:recipes/building_blocks/crimson_slab": {
    "criteria": {
      "has_planks": "2023-05-28 10:47:03 +0200"
    },
    "done": true
  },
  "minecraft:recipes/building_blocks/crimson_stairs": {
    "criteria": {
      "has_planks": "2023-05-28 10:47:03 +0200"
    },
    "done": true
  },
  "minecraft:recipes/redstone/crimson_pressure_plate": {
    "criteria": {
      "has_planks": "2023-05-28 10:47:03 +0200"
    },
    "done": true
  },
  "minecraft:recipes/decorations/crimson_fence": {
    "criteria": {
      "has_planks": "2023-05-28 10:47:03 +0200"
    },
    "done": true
  },
  "minecraft:recipes/decorations/crimson_sign": {
    "criteria": {
      "has_planks": "2023-05-28 10:47:03 +0200"
    },
    "done": true
  },
  "minecraft:recipes/redstone/crimson_fence_gate": {
    "criteria": {
      "has_planks": "2023-05-28 10:47:03 +0200"
    },
    "done": true
  },
  "minecraft:recipes/redstone/crimson_door": {
    "criteria": {
      "has_planks": "2023-05-28 10:47:03 +0200"
    },
    "done": true
  },
  "minecraft:recipes/redstone/crimson_trapdoor": {
    "criteria": {
      "has_planks": "2023-05-28 10:47:03 +0200"
    },
    "done": true
  },
  "minecraft:recipes/building_blocks/crimson_planks": {
    "criteria": {
      "has_logs": "2023-05-28 10:47:06 +0200"
    },
    "done": true
  },
  "minecraft:recipes/building_blocks/cracked_nether_bricks": {
    "criteria": {
      "has_nether_bricks": "2023-05-28 10:47:12 +0200"
    },
    "done": true
  },
  "minecraft:recipes/building_blocks/chiseled_nether_bricks_from_nether_bricks_stonecutting": {
    "criteria": {
      "has_nether_bricks": "2023-05-28 10:47:12 +0200"
    },
    "done": true
  },
  "minecraft:recipes/building_blocks/nether_brick_stairs": {
    "criteria": {
      "has_nether_bricks": "2023-05-28 10:47:12 +0200"
    },
    "done": true
  },
  "minecraft:recipes/building_blocks/nether_brick_slab": {
    "criteria": {
      "has_nether_bricks": "2023-05-28 10:47:12 +0200"
    },
    "done": true
  },
  "minecraft:recipes/decorations/nether_brick_wall_from_nether_bricks_stonecutting": {
    "criteria": {
      "has_nether_bricks": "2023-05-28 10:47:12 +0200"
    },
    "done": true
  },
  "minecraft:recipes/building_blocks/nether_brick_stairs_from_nether_bricks_stonecutting": {
    "criteria": {
      "has_nether_bricks": "2023-05-28 10:47:12 +0200"
    },
    "done": true
  },
  "minecraft:recipes/building_blocks/nether_brick_slab_from_nether_bricks_stonecutting": {
    "criteria": {
      "has_nether_bricks": "2023-05-28 10:47:12 +0200"
    },
    "done": true
  },
  "minecraft:recipes/decorations/nether_brick_wall": {
    "criteria": {
      "has_nether_bricks": "2023-05-28 10:47:12 +0200"
    },
    "done": true
  },
  "minecraft:recipes/decorations/nether_brick_fence": {
    "criteria": {
      "has_nether_bricks": "2023-05-28 10:47:12 +0200"
    },
    "done": true
  },
  "minecraft:recipes/building_blocks/red_nether_brick_slab_from_red_nether_bricks_stonecutting": {
    "criteria": {
      "has_red_nether_bricks": "2023-05-28 10:47:16 +0200"
    },
    "done": true
  },
  "minecraft:recipes/decorations/red_nether_brick_wall": {
    "criteria": {
      "has_red_nether_bricks": "2023-05-28 10:47:16 +0200"
    },
    "done": true
  },
  "minecraft:recipes/decorations/red_nether_brick_wall_from_red_nether_bricks_stonecutting": {
    "criteria": {
      "has_red_nether_bricks": "2023-05-28 10:47:16 +0200"
    },
    "done": true
  },
  "minecraft:recipes/building_blocks/red_nether_brick_stairs_from_red_nether_bricks_stonecutting": {
    "criteria": {
      "has_red_nether_bricks": "2023-05-28 10:47:16 +0200"
    },
    "done": true
  },
  "minecraft:recipes/building_blocks/red_nether_brick_slab": {
    "criteria": {
      "has_red_nether_bricks": "2023-05-28 10:47:16 +0200"
    },
    "done": true
  },
  "minecraft:recipes/building_blocks/red_nether_brick_stairs": {
    "criteria": {
      "has_red_nether_bricks": "2023-05-28 10:47:16 +0200"
    },
    "done": true
  },
  "minecraft:recipes/redstone/lever": {
    "criteria": {
      "has_cobblestone": "2023-05-28 10:47:55 +0200"
    },
    "done": true
  },
  "minecraft:recipes/combat/stone_sword": {
    "criteria": {
      "has_cobblestone": "2023-05-28 10:47:55 +0200"
    },
    "done": true
  },
  "minecraft:recipes/decorations/cobblestone_wall": {
    "criteria": {
      "has_cobblestone": "2023-05-28 10:47:55 +0200"
    },
    "done": true
  },
  "minecraft:recipes/tools/stone_pickaxe": {
    "criteria": {
      "has_cobblestone": "2023-05-28 10:47:55 +0200"
    },
    "done": true
  },
  "minecraft:recipes/tools/stone_axe": {
    "criteria": {
      "has_cobblestone": "2023-05-28 10:47:55 +0200"
    },
    "done": true
  },
  "minecraft:story/mine_stone": {
    "criteria": {
      "get_stone": "2023-05-28 10:47:55 +0200"
    },
    "done": true
  },
  "minecraft:recipes/decorations/furnace": {
    "criteria": {
      "has_cobblestone": "2023-05-28 10:47:55 +0200"
    },
    "done": true
  },
  "minecraft:recipes/building_blocks/cobblestone_slab": {
    "criteria": {
      "has_cobblestone": "2023-05-28 10:47:55 +0200"
    },
    "done": true
  },
  "minecraft:recipes/building_blocks/cobblestone_slab_from_cobblestone_stonecutting": {
    "criteria": {
      "has_cobblestone": "2023-05-28 10:47:55 +0200"
    },
    "done": true
  },
  "minecraft:recipes/building_blocks/stone": {
    "criteria": {
      "has_cobblestone": "2023-05-28 10:47:55 +0200"
    },
    "done": true
  },
  "minecraft:recipes/decorations/cobblestone_wall_from_cobblestone_stonecutting": {
    "criteria": {
      "has_cobblestone": "2023-05-28 10:47:55 +0200"
    },
    "done": true
  },
  "minecraft:recipes/building_blocks/cobblestone_stairs_from_cobblestone_stonecutting": {
    "criteria": {
      "has_cobblestone": "2023-05-28 10:47:55 +0200"
    },
    "done": true
  },
  "minecraft:recipes/building_blocks/cobblestone_stairs": {
    "criteria": {
      "has_cobblestone": "2023-05-28 10:47:55 +0200"
    },
    "done": true
  },
  "minecraft:recipes/tools/stone_hoe": {
    "criteria": {
      "has_cobblestone": "2023-05-28 10:47:55 +0200"
    },
    "done": true
  },
  "minecraft:recipes/tools/stone_shovel": {
    "criteria": {
      "has_cobblestone": "2023-05-28 10:47:55 +0200"
    },
    "done": true
  },
  "minecraft:recipes/decorations/light_blue_glazed_terracotta": {
    "criteria": {
      "has_light_blue_terracotta": "2023-05-28 10:52:35 +0200"
    },
    "done": true
  },
  "minecraft:recipes/decorations/light_gray_bed": {
    "criteria": {
      "has_light_gray_wool": "2023-05-28 11:13:36 +0200"
    },
    "done": true
  },
  "minecraft:recipes/decorations/painting": {
    "criteria": {
      "has_wool": "2023-05-28 11:13:36 +0200"
    },
    "done": true
  },
  "minecraft:recipes/decorations/light_gray_banner": {
    "criteria": {
      "has_light_gray_wool": "2023-05-28 11:13:36 +0200"
    },
    "done": true
  },
  "minecraft:recipes/decorations/light_gray_carpet": {
    "criteria": {
      "has_light_gray_wool": "2023-05-28 11:13:36 +0200"
    },
    "done": true
  },
  "minecraft:recipes/building_blocks/smooth_sandstone_stairs_from_smooth_sandstone_stonecutting": {
    "criteria": {
      "has_smooth_sandstone": "2023-05-28 14:08:00 +0200"
    },
    "done": true
  },
  "minecraft:recipes/building_blocks/smooth_sandstone_slab_from_smooth_sandstone_stonecutting": {
    "criteria": {
      "has_smooth_sandstone": "2023-05-28 14:08:00 +0200"
    },
    "done": true
  },
  "minecraft:recipes/building_blocks/smooth_sandstone_stairs": {
    "criteria": {
      "has_smooth_sandstone": "2023-05-28 14:08:00 +0200"
    },
    "done": true
  },
  "minecraft:recipes/building_blocks/smooth_sandstone_slab": {
    "criteria": {
      "has_smooth_sandstone": "2023-05-28 14:08:00 +0200"
    },
    "done": true
  },
  "minecraft:recipes/building_blocks/sandstone_stairs": {
    "criteria": {
      "has_cut_sandstone": "2023-05-28 14:26:24 +0200"
    },
    "done": true
  },
  "minecraft:recipes/building_blocks/cut_sandstone_slab": {
    "criteria": {
      "has_cut_sandstone": "2023-05-28 14:26:24 +0200"
    },
    "done": true
  },
  "minecraft:recipes/building_blocks/cut_sandstone_slab_from_cut_sandstone_stonecutting": {
    "criteria": {
      "has_cut_sandstone": "2023-05-28 14:26:24 +0200"
    },
    "done": true
  },
  "minecraft:recipes/decorations/soul_campfire": {
    "criteria": {
      "has_soul_sand": "2023-05-28 20:45:29 +0200"
    },
    "done": true
  },
  "minecraft:recipes/decorations/soul_torch": {
    "criteria": {
      "has_soul_sand": "2023-05-28 20:45:29 +0200"
    },
    "done": true
  },
  "minecraft:recipes/decorations/white_banner": {
    "criteria": {
      "has_white_wool": "2023-05-29 10:50:41 +0200"
    },
    "done": true
  },
  "minecraft:recipes/decorations/white_bed": {
    "criteria": {
      "has_white_wool": "2023-05-29 10:50:41 +0200"
    },
    "done": true
  },
  "minecraft:recipes/decorations/white_carpet": {
    "criteria": {
      "has_white_wool": "2023-05-29 10:50:41 +0200"
    },
    "done": true
  },
  "minecraft:recipes/decorations/yellow_banner": {
    "criteria": {
      "has_yellow_wool": "2023-05-29 10:59:40 +0200"
    },
    "done": true
  },
  "minecraft:recipes/decorations/yellow_bed": {
    "criteria": {
      "has_yellow_wool": "2023-05-29 10:59:40 +0200"
    },
    "done": true
  },
  "minecraft:recipes/decorations/yellow_carpet": {
    "criteria": {
      "has_yellow_wool": "2023-05-29 10:59:40 +0200"
    },
    "done": true
  },
  "minecraft:recipes/decorations/gray_bed": {
    "criteria": {
      "has_gray_wool": "2023-05-29 10:59:42 +0200"
    },
    "done": true
  },
  "minecraft:recipes/decorations/gray_banner": {
    "criteria": {
      "has_gray_wool": "2023-05-29 10:59:43 +0200"
    },
    "done": true
  },
  "minecraft:recipes/decorations/gray_carpet": {
    "criteria": {
      "has_gray_wool": "2023-05-29 10:59:43 +0200"
    },
    "done": true
  },
  "minecraft:recipes/decorations/black_glazed_terracotta": {
    "criteria": {
      "has_black_terracotta": "2023-05-29 11:00:25 +0200"
    },
    "done": true
  },
  "minecraft:recipes/decorations/gray_glazed_terracotta": {
    "criteria": {
      "has_gray_terracotta": "2023-05-29 11:01:14 +0200"
    },
    "done": true
  },
  "minecraft:recipes/decorations/yellow_glazed_terracotta": {
    "criteria": {
      "has_yellow_terracotta": "2023-05-29 11:01:48 +0200"
    },
    "done": true
  },
  "minecraft:recipes/decorations/cyan_glazed_terracotta": {
    "criteria": {
      "has_cyan_terracotta": "2023-05-29 11:02:23 +0200"
    },
    "done": true
  },
  "minecraft:recipes/building_blocks/sandstone_slab": {
    "criteria": {
      "has_sandstone": "2023-05-29 11:28:24 +0200"
    },
    "done": true
  },
  "minecraft:recipes/building_blocks/cut_sandstone_from_sandstone_stonecutting": {
    "criteria": {
      "has_sandstone": "2023-05-29 11:28:24 +0200"
    },
    "done": true
  },
  "minecraft:recipes/building_blocks/chiseled_sandstone_from_sandstone_stonecutting": {
    "criteria": {
      "has_sandstone": "2023-05-29 11:28:24 +0200"
    },
    "done": true
  },
  "minecraft:recipes/building_blocks/smooth_sandstone": {
    "criteria": {
      "has_sandstone": "2023-05-29 11:28:24 +0200"
    },
    "done": true
  },
  "minecraft:recipes/decorations/sandstone_wall_from_sandstone_stonecutting": {
    "criteria": {
      "has_sandstone": "2023-05-29 11:28:24 +0200"
    },
    "done": true
  },
  "minecraft:recipes/building_blocks/cut_sandstone_slab_from_sandstone_stonecutting": {
    "criteria": {
      "has_sandstone": "2023-05-29 11:28:24 +0200"
    },
    "done": true
  },
  "minecraft:recipes/building_blocks/cut_sandstone": {
    "criteria": {
      "has_sandstone": "2023-05-29 11:28:24 +0200"
    },
    "done": true
  },
  "minecraft:recipes/building_blocks/sandstone_slab_from_sandstone_stonecutting": {
    "criteria": {
      "has_sandstone": "2023-05-29 11:28:24 +0200"
    },
    "done": true
  },
  "minecraft:recipes/building_blocks/sandstone_stairs_from_sandstone_stonecutting": {
    "criteria": {
      "has_sandstone": "2023-05-29 11:28:24 +0200"
    },
    "done": true
  },
  "minecraft:recipes/decorations/sandstone_wall": {
    "criteria": {
      "has_sandstone": "2023-05-29 11:28:24 +0200"
    },
    "done": true
  },
  "minecraft:recipes/building_blocks/chiseled_sandstone": {
    "criteria": {
      "has_sandstone_slab": "2023-05-29 11:28:42 +0200"
    },
    "done": true
  },
  "minecraft:recipes/building_blocks/smooth_basalt": {
    "criteria": {
      "has_basalt": "2023-05-29 12:17:39 +0200"
    },
    "done": true
  },
  "minecraft:recipes/building_blocks/polished_basalt_from_basalt_stonecutting": {
    "criteria": {
      "has_basalt": "2023-05-29 12:17:39 +0200"
    },
    "done": true
  },
  "minecraft:recipes/building_blocks/polished_basalt": {
    "criteria": {
      "has_basalt": "2023-05-29 12:17:39 +0200"
    },
    "done": true
  },
  "minecraft:recipes/misc/yellow_dye_from_dandelion": {
    "criteria": {
      "has_dandelion": "2023-05-29 12:29:12 +0200"
    },
    "done": true
  },
  "minecraft:recipes/misc/slime_ball": {
    "criteria": {
      "has_slime_block": "2023-05-29 16:25:58 +0200"
    },
    "done": true
  },
  "minecraft:recipes/misc/lime_dye_from_smelting": {
    "criteria": {
      "has_sea_pickle": "2023-05-29 17:20:50 +0200"
    },
    "done": true
  },
  "minecraft:recipes/misc/sugar_from_sugar_cane": {
    "criteria": {
      "has_sugar_cane": "2023-05-29 17:23:56 +0200"
    },
    "done": true
  },
  "minecraft:recipes/misc/paper": {
    "criteria": {
      "has_reeds": "2023-05-29 17:23:56 +0200"
    },
    "done": true
  },
  "minecraft:recipes/decorations/pink_bed": {
    "criteria": {
      "has_pink_wool": "2023-06-04 11:35:08 +0200"
    },
    "done": true
  },
  "minecraft:recipes/decorations/pink_carpet": {
    "criteria": {
      "has_pink_wool": "2023-06-04 11:35:08 +0200"
    },
    "done": true
  },
  "minecraft:recipes/decorations/pink_banner": {
    "criteria": {
      "has_pink_wool": "2023-06-04 11:35:08 +0200"
    },
    "done": true
  },
  "minecraft:recipes/misc/gold_ingot_from_gold_block": {
    "criteria": {
      "has_gold_block": "2023-06-04 11:58:08 +0200"
    },
    "done": true
  },
  "minecraft:recipes/building_blocks/smooth_red_sandstone_stairs_from_smooth_red_sandstone_stonecutting": {
    "criteria": {
      "has_smooth_red_sandstone": "2023-06-04 12:23:45 +0200"
    },
    "done": true
  },
  "minecraft:recipes/building_blocks/smooth_red_sandstone_slab": {
    "criteria": {
      "has_smooth_red_sandstone": "2023-06-04 12:23:45 +0200"
    },
    "done": true
  },
  "minecraft:recipes/building_blocks/smooth_red_sandstone_slab_from_smooth_red_sandstone_stonecutting": {
    "criteria": {
      "has_smooth_red_sandstone": "2023-06-04 12:23:45 +0200"
    },
    "done": true
  },
  "minecraft:recipes/building_blocks/smooth_red_sandstone_stairs": {
    "criteria": {
      "has_smooth_red_sandstone": "2023-06-04 12:23:45 +0200"
    },
    "done": true
  },
  "minecraft:recipes/building_blocks/red_sandstone_stairs": {
    "criteria": {
      "has_cut_red_sandstone": "2023-06-04 12:27:13 +0200"
    },
    "done": true
  },
  "minecraft:recipes/building_blocks/cut_red_sandstone_slab": {
    "criteria": {
      "has_cut_red_sandstone": "2023-06-04 12:27:13 +0200"
    },
    "done": true
  },
  "minecraft:recipes/building_blocks/chiseled_red_sandstone": {
    "criteria": {
      "has_cut_red_sandstone": "2023-06-04 12:27:13 +0200"
    },
    "done": true
  },
  "minecraft:recipes/building_blocks/cut_red_sandstone_slab_from_cut_red_sandstone_stonecutting": {
    "criteria": {
      "has_cut_red_sandstone": "2023-06-04 12:27:13 +0200"
    },
    "done": true
  },
  "minecraft:recipes/building_blocks/dark_oak_slab": {
    "criteria": {
      "has_planks": "2023-06-04 12:32:34 +0200"
    },
    "done": true
  },
  "minecraft:recipes/redstone/dark_oak_door": {
    "criteria": {
      "has_planks": "2023-06-04 12:32:34 +0200"
    },
    "done": true
  },
  "minecraft:recipes/redstone/dark_oak_fence_gate": {
    "criteria": {
      "has_planks": "2023-06-04 12:32:34 +0200"
    },
    "done": true
  },
  "minecraft:recipes/redstone/dark_oak_trapdoor": {
    "criteria": {
      "has_planks": "2023-06-04 12:32:34 +0200"
    },
    "done": true
  },
  "minecraft:recipes/redstone/dark_oak_button": {
    "criteria": {
      "has_planks": "2023-06-04 12:32:34 +0200"
    },
    "done": true
  },
  "minecraft:recipes/building_blocks/dark_oak_stairs": {
    "criteria": {
      "has_planks": "2023-06-04 12:32:34 +0200"
    },
    "done": true
  },
  "minecraft:recipes/decorations/dark_oak_sign": {
    "criteria": {
      "has_planks": "2023-06-04 12:32:34 +0200"
    },
    "done": true
  },
  "minecraft:recipes/redstone/dark_oak_pressure_plate": {
    "criteria": {
      "has_planks": "2023-06-04 12:32:34 +0200"
    },
    "done": true
  },
  "minecraft:recipes/decorations/dark_oak_fence": {
    "criteria": {
      "has_planks": "2023-06-04 12:32:34 +0200"
    },
    "done": true
  },
  "minecraft:recipes/building_blocks/dark_oak_planks": {
    "criteria": {
      "has_log": "2023-06-04 12:32:41 +0200"
    },
    "done": true
  },
  "minecraft:recipes/decorations/composter": {
    "criteria": {
      "has_wood_slab": "2023-06-04 12:34:04 +0200"
    },
    "done": true
  },
  "minecraft:recipes/building_blocks/mud_bricks": {
    "criteria": {
      "has_packed_mud": "2023-06-04 13:33:08 +0200"
    },
    "done": true
  },
  "minecraft:recipes/building_blocks/polished_andesite_stairs": {
    "criteria": {
      "has_polished_andesite": "2023-06-04 13:34:41 +0200"
    },
    "done": true
  },
  "minecraft:recipes/building_blocks/polished_andesite_slab": {
    "criteria": {
      "has_polished_andesite": "2023-06-04 13:34:41 +0200"
    },
    "done": true
  },
  "minecraft:recipes/building_blocks/polished_andesite_slab_from_polished_andesite_stonecutting": {
    "criteria": {
      "has_polished_andesite": "2023-06-04 13:34:41 +0200"
    },
    "done": true
  },
  "minecraft:recipes/building_blocks/polished_andesite_stairs_from_polished_andesite_stonecutting": {
    "criteria": {
      "has_polished_andesite": "2023-06-04 13:34:41 +0200"
    },
    "done": true
  },
  "minecraft:recipes/building_blocks/jungle_planks": {
    "criteria": {
      "has_logs": "2023-06-04 16:28:28 +0200"
    },
    "done": true
  },
  "minecraft:recipes/redstone/jungle_trapdoor": {
    "criteria": {
      "has_planks": "2023-06-04 16:28:31 +0200"
    },
    "done": true
  },
  "minecraft:recipes/decorations/jungle_sign": {
    "criteria": {
      "has_planks": "2023-06-04 16:28:31 +0200"
    },
    "done": true
  },
  "minecraft:recipes/redstone/jungle_door": {
    "criteria": {
      "has_planks": "2023-06-04 16:28:31 +0200"
    },
    "done": true
  },
  "minecraft:recipes/decorations/jungle_fence": {
    "criteria": {
      "has_planks": "2023-06-04 16:28:31 +0200"
    },
    "done": true
  },
  "minecraft:recipes/redstone/jungle_pressure_plate": {
    "criteria": {
      "has_planks": "2023-06-04 16:28:31 +0200"
    },
    "done": true
  },
  "minecraft:recipes/redstone/jungle_button": {
    "criteria": {
      "has_planks": "2023-06-04 16:28:31 +0200"
    },
    "done": true
  },
  "minecraft:recipes/building_blocks/jungle_slab": {
    "criteria": {
      "has_planks": "2023-06-04 16:28:31 +0200"
    },
    "done": true
  },
  "minecraft:recipes/building_blocks/jungle_stairs": {
    "criteria": {
      "has_planks": "2023-06-04 16:28:31 +0200"
    },
    "done": true
  },
  "minecraft:recipes/redstone/jungle_fence_gate": {
    "criteria": {
      "has_planks": "2023-06-04 16:28:31 +0200"
    },
    "done": true
  },
  "minecraft:recipes/building_blocks/jungle_wood": {
    "criteria": {
      "has_log": "2023-06-04 16:29:49 +0200"
    },
    "done": true
  },
  "minecraft:recipes/building_blocks/mossy_stone_bricks_from_vine": {
    "criteria": {
      "has_vine": "2023-06-04 17:32:31 +0200"
    },
    "done": true
  },
  "minecraft:recipes/building_blocks/mossy_cobblestone_from_vine": {
    "criteria": {
      "has_vine": "2023-06-04 17:32:31 +0200"
    },
    "done": true
  },
  "minecraft:recipes/building_blocks/stripped_jungle_wood": {
    "criteria": {
      "has_log": "2023-06-08 10:28:44 +0200"
    },
    "done": true
  },
  "minecraft:recipes/redstone/redstone": {
    "criteria": {
      "has_redstone_block": "2023-06-08 10:45:11 +0200"
    },
    "done": true
  },
  "minecraft:husbandry/balanced_diet": {
    "criteria": {
      "glow_berries": "2023-06-08 12:19:01 +0200"
    },
    "done": false
  },
  "minecraft:husbandry/root": {
    "criteria": {
      "consumed_item": "2023-06-08 12:19:01 +0200"
    },
    "done": true
  },
  "minecraft:recipes/building_blocks/chiseled_nether_bricks": {
    "criteria": {
      "has_nether_brick_slab": "2023-06-11 11:19:36 +0200"
    },
    "done": true
  },
  "minecraft:recipes/building_blocks/warped_planks": {
    "criteria": {
      "has_logs": "2023-06-11 11:21:58 +0200"
    },
    "done": true
  },
  "minecraft:recipes/building_blocks/warped_hyphae": {
    "criteria": {
      "has_log": "2023-06-11 11:21:58 +0200"
    },
    "done": true
  },
  "minecraft:recipes/redstone/warped_pressure_plate": {
    "criteria": {
      "has_planks": "2023-06-11 11:23:01 +0200"
    },
    "done": true
  },
  "minecraft:recipes/building_blocks/warped_slab": {
    "criteria": {
      "has_planks": "2023-06-11 11:23:01 +0200"
    },
    "done": true
  },
  "minecraft:recipes/redstone/warped_fence_gate": {
    "criteria": {
      "has_planks": "2023-06-11 11:23:01 +0200"
    },
    "done": true
  },
  "minecraft:recipes/decorations/warped_fence": {
    "criteria": {
      "has_planks": "2023-06-11 11:23:01 +0200"
    },
    "done": true
  },
  "minecraft:recipes/redstone/warped_button": {
    "criteria": {
      "has_planks": "2023-06-11 11:23:01 +0200"
    },
    "done": true
  },
  "minecraft:recipes/building_blocks/warped_stairs": {
    "criteria": {
      "has_planks": "2023-06-11 11:23:01 +0200"
    },
    "done": true
  },
  "minecraft:recipes/redstone/warped_trapdoor": {
    "criteria": {
      "has_planks": "2023-06-11 11:23:01 +0200"
    },
    "done": true
  },
  "minecraft:recipes/decorations/warped_sign": {
    "criteria": {
      "has_planks": "2023-06-11 11:23:01 +0200"
    },
    "done": true
  },
  "minecraft:recipes/redstone/warped_door": {
    "criteria": {
      "has_planks": "2023-06-11 11:23:01 +0200"
    },
    "done": true
  },
  "minecraft:recipes/misc/bone_meal_from_bone_block": {
    "criteria": {
      "has_bone_block": "2023-06-11 14:03:34 +0200"
    },
    "done": true
  },
  "minecraft:recipes/building_blocks/spruce_planks": {
    "criteria": {
      "has_logs": "2023-06-11 19:30:07 +0200"
    },
    "done": true
  },
  "minecraft:recipes/building_blocks/spruce_wood": {
    "criteria": {
      "has_log": "2023-06-11 19:30:07 +0200"
    },
    "done": true
  },
  "minecraft:recipes/building_blocks/dripstone_block": {
    "criteria": {
      "has_pointed_dripstone": "2023-06-13 23:06:08 +0200"
    },
    "done": true
  },
  "minecraft:recipes/building_blocks/stripped_spruce_wood": {
    "criteria": {
      "has_log": "2023-06-13 23:11:23 +0200"
    },
    "done": true
  },
  "minecraft:recipes/redstone/spruce_button": {
    "criteria": {
      "has_planks": "2023-06-13 23:14:19 +0200"
    },
    "done": true
  },
  "minecraft:recipes/redstone/spruce_pressure_plate": {
    "criteria": {
      "has_planks": "2023-06-13 23:14:19 +0200"
    },
    "done": true
  },
  "minecraft:recipes/decorations/spruce_sign": {
    "criteria": {
      "has_planks": "2023-06-13 23:14:19 +0200"
    },
    "done": true
  },
  "minecraft:recipes/redstone/spruce_trapdoor": {
    "criteria": {
      "has_planks": "2023-06-13 23:14:19 +0200"
    },
    "done": true
  },
  "minecraft:recipes/redstone/spruce_door": {
    "criteria": {
      "has_planks": "2023-06-13 23:14:19 +0200"
    },
    "done": true
  },
  "minecraft:recipes/redstone/spruce_fence_gate": {
    "criteria": {
      "has_planks": "2023-06-13 23:14:19 +0200"
    },
    "done": true
  },
  "minecraft:recipes/decorations/spruce_fence": {
    "criteria": {
      "has_planks": "2023-06-13 23:14:19 +0200"
    },
    "done": true
  },
  "minecraft:recipes/building_blocks/spruce_stairs": {
    "criteria": {
      "has_planks": "2023-06-13 23:14:19 +0200"
    },
    "done": true
  },
  "minecraft:recipes/building_blocks/spruce_slab": {
    "criteria": {
      "has_planks": "2023-06-13 23:14:19 +0200"
    },
    "done": true
  },
  "minecraft:recipes/building_blocks/cherry_planks": {
    "criteria": {
      "has_log": "2023-06-17 17:32:25 +0200"
    },
    "done": true
  },
  "minecraft:recipes/building_blocks/cherry_wood": {
    "criteria": {
      "has_log": "2023-06-17 17:32:25 +0200"
    },
    "done": true
  },
  "minecraft:recipes/misc/pink_dye_from_pink_petals": {
    "criteria": {
      "has_pink_petals": "2023-06-17 17:34:17 +0200"
    },
    "done": true
  },
  "minecraft:recipes/transportation/cherry_boat": {
    "criteria": {
      "in_water": "2023-06-17 17:35:02 +0200"
    },
    "done": true
  },
  "minecraft:recipes/transportation/bamboo_raft": {
    "criteria": {
      "in_water": "2023-06-17 17:35:02 +0200"
    },
    "done": true
  },
  "minecraft:recipes/building_blocks/cherry_slab": {
    "criteria": {
      "has_planks": "2023-06-17 17:50:51 +0200"
    },
    "done": true
  },
  "minecraft:recipes/redstone/cherry_fence_gate": {
    "criteria": {
      "has_planks": "2023-06-17 17:50:51 +0200"
    },
    "done": true
  },
  "minecraft:recipes/decorations/cherry_sign": {
    "criteria": {
      "has_planks": "2023-06-17 17:50:51 +0200"
    },
    "done": true
  },
  "minecraft:recipes/redstone/cherry_pressure_plate": {
    "criteria": {
      "has_planks": "2023-06-17 17:50:51 +0200"
    },
    "done": true
  },
  "minecraft:recipes/decorations/cherry_fence": {
    "criteria": {
      "has_planks": "2023-06-17 17:50:51 +0200"
    },
    "done": true
  },
  "minecraft:recipes/building_blocks/cherry_stairs": {
    "criteria": {
      "has_planks": "2023-06-17 17:50:51 +0200"
    },
    "done": true
  },
  "minecraft:recipes/redstone/cherry_trapdoor": {
    "criteria": {
      "has_planks": "2023-06-17 17:50:51 +0200"
    },
    "done": true
  },
  "minecraft:recipes/redstone/cherry_button": {
    "criteria": {
      "has_planks": "2023-06-17 17:50:51 +0200"
    },
    "done": true
  },
  "minecraft:recipes/redstone/cherry_door": {
    "criteria": {
      "has_planks": "2023-06-17 17:50:51 +0200"
    },
    "done": true
  },
  "minecraft:recipes/building_blocks/stripped_cherry_wood": {
    "criteria": {
      "has_log": "2023-06-17 19:13:52 +0200"
    },
    "done": true
  },
  "minecraft:recipes/decorations/cherry_hanging_sign": {
    "criteria": {
      "has_stripped_logs": "2023-06-17 19:13:52 +0200"
    },
    "done": true
  },
  "minecraft:husbandry/obtain_sniffer_egg": {
    "criteria": {
      "obtain_sniffer_egg": "2023-06-18 00:28:34 +0200"
    },
    "done": true
  },
  "minecraft:recipes/misc/cyan_dye_from_pitcher_plant": {
    "criteria": {
      "has_pitcher_plant": "2023-06-18 00:28:49 +0200"
    },
    "done": true
  },
  "minecraft:recipes/misc/orange_dye_from_torchflower": {
    "criteria": {
      "has_torchflower": "2023-06-18 00:28:54 +0200"
    },
    "done": true
  },
  "minecraft:recipes/decorations/pink_glazed_terracotta": {
    "criteria": {
      "has_pink_terracotta": "2023-06-18 00:32:32 +0200"
    },
    "done": true
  },
  "minecraft:recipes/decorations/magenta_glazed_terracotta": {
    "criteria": {
      "has_magenta_terracotta": "2023-06-18 00:32:37 +0200"
    },
    "done": true
  },
  "minecraft:recipes/decorations/pink_stained_glass_pane": {
    "criteria": {
      "has_glass": "2023-06-18 00:34:39 +0200"
    },
    "done": true
  },
  "minecraft:recipes/building_blocks/bamboo_mosaic_slab": {
    "criteria": {
      "has_bamboo_mosaic": "2023-06-18 01:02:10 +0200"
    },
    "done": true
  },
  "minecraft:recipes/building_blocks/bamboo_mosaic_stairs": {
    "criteria": {
      "has_bamboo_mosaic": "2023-06-18 01:02:10 +0200"
    },
    "done": true
  },
  "minecraft:recipes/building_blocks/bamboo_planks": {
    "criteria": {
      "has_logs": "2023-06-18 01:02:11 +0200"
    },
    "done": true
  },
  "minecraft:recipes/decorations/deepslate_brick_wall_from_cobbled_deepslate_stonecutting": {
    "criteria": {
      "has_cobbled_deepslate": "2023-06-18 01:02:34 +0200"
    },
    "done": true
  },
  "minecraft:recipes/building_blocks/deepslate_brick_slab_from_cobbled_deepslate_stonecutting": {
    "criteria": {
      "has_cobbled_deepslate": "2023-06-18 01:02:34 +0200"
    },
    "done": true
  },
  "minecraft:recipes/decorations/cobbled_deepslate_wall_from_cobbled_deepslate_stonecutting": {
    "criteria": {
      "has_cobbled_deepslate": "2023-06-18 01:02:34 +0200"
    },
    "done": true
  },
  "minecraft:recipes/building_blocks/deepslate": {
    "criteria": {
      "has_cobbled_deepslate": "2023-06-18 01:02:34 +0200"
    },
    "done": true
  },
  "minecraft:recipes/building_blocks/polished_deepslate": {
    "criteria": {
      "has_cobbled_deepslate": "2023-06-18 01:02:35 +0200"
    },
    "done": true
  },
  "minecraft:recipes/building_blocks/deepslate_tile_stairs_from_cobbled_deepslate_stonecutting": {
    "criteria": {
      "has_cobbled_deepslate": "2023-06-18 01:02:35 +0200"
    },
    "done": true
  },
  "minecraft:recipes/building_blocks/polished_deepslate_from_cobbled_deepslate_stonecutting": {
    "criteria": {
      "has_cobbled_deepslate": "2023-06-18 01:02:35 +0200"
    },
    "done": true
  },
  "minecraft:recipes/building_blocks/polished_deepslate_slab_from_cobbled_deepslate_stonecutting": {
    "criteria": {
      "has_cobbled_deepslate": "2023-06-18 01:02:35 +0200"
    },
    "done": true
  },
  "minecraft:recipes/building_blocks/deepslate_brick_stairs_from_cobbled_deepslate_stonecutting": {
    "criteria": {
      "has_cobbled_deepslate": "2023-06-18 01:02:35 +0200"
    },
    "done": true
  },
  "minecraft:recipes/building_blocks/cobbled_deepslate_slab_from_cobbled_deepslate_stonecutting": {
    "criteria": {
      "has_cobbled_deepslate": "2023-06-18 01:02:35 +0200"
    },
    "done": true
  },
  "minecraft:recipes/building_blocks/deepslate_tile_slab_from_cobbled_deepslate_stonecutting": {
    "criteria": {
      "has_cobbled_deepslate": "2023-06-18 01:02:35 +0200"
    },
    "done": true
  },
  "minecraft:recipes/building_blocks/cobbled_deepslate_stairs": {
    "criteria": {
      "has_cobbled_deepslate": "2023-06-18 01:02:35 +0200"
    },
    "done": true
  },
  "minecraft:recipes/building_blocks/chiseled_deepslate_from_cobbled_deepslate_stonecutting": {
    "criteria": {
      "has_cobbled_deepslate": "2023-06-18 01:02:35 +0200"
    },
    "done": true
  },
  "minecraft:recipes/building_blocks/cobbled_deepslate_slab": {
    "criteria": {
      "has_cobbled_deepslate": "2023-06-18 01:02:35 +0200"
    },
    "done": true
  },
  "minecraft:recipes/decorations/deepslate_tile_wall_from_cobbled_deepslate_stonecutting": {
    "criteria": {
      "has_cobbled_deepslate": "2023-06-18 01:02:35 +0200"
    },
    "done": true
  },
  "minecraft:recipes/decorations/cobbled_deepslate_wall": {
    "criteria": {
      "has_cobbled_deepslate": "2023-06-18 01:02:35 +0200"
    },
    "done": true
  },
  "minecraft:recipes/decorations/polished_deepslate_wall_from_cobbled_deepslate_stonecutting": {
    "criteria": {
      "has_cobbled_deepslate": "2023-06-18 01:02:35 +0200"
    },
    "done": true
  },
  "minecraft:recipes/building_blocks/deepslate_bricks_from_cobbled_deepslate_stonecutting": {
    "criteria": {
      "has_cobbled_deepslate": "2023-06-18 01:02:35 +0200"
    },
    "done": true
  },
  "minecraft:recipes/building_blocks/deepslate_tiles_from_cobbled_deepslate_stonecutting": {
    "criteria": {
      "has_cobbled_deepslate": "2023-06-18 01:02:35 +0200"
    },
    "done": true
  },
  "minecraft:recipes/building_blocks/cobbled_deepslate_stairs_from_cobbled_deepslate_stonecutting": {
    "criteria": {
      "has_cobbled_deepslate": "2023-06-18 01:02:35 +0200"
    },
    "done": true
  },
  "minecraft:recipes/building_blocks/polished_deepslate_stairs_from_cobbled_deepslate_stonecutting": {
    "criteria": {
      "has_cobbled_deepslate": "2023-06-18 01:02:35 +0200"
    },
    "done": true
  },
  "minecraft:recipes/misc/iron_ingot_from_iron_block": {
    "criteria": {
      "has_iron_block": "2023-06-18 01:02:47 +0200"
    },
    "done": true
  },
  "minecraft:recipes/decorations/anvil": {
    "criteria": {
      "has_iron_block": "2023-06-18 01:02:47 +0200"
    },
    "done": true
  },
  "minecraft:recipes/decorations/glow_item_frame": {
    "criteria": {
      "has_item_frame": "2023-06-18 11:48:30 +0200"
    },
    "done": true
  },
  "minecraft:story/root": {
    "criteria": {
      "crafting_table": "2023-06-18 11:55:24 +0200"
    },
    "done": true
  },
  "minecraft:recipes/building_blocks/dye_gray_carpet": {
    "criteria": {
      "has_needed_dye": "2023-06-18 11:56:20 +0200"
    },
    "done": true
  },
  "minecraft:recipes/misc/light_gray_dye_from_gray_white_dye": {
    "criteria": {
      "has_gray_dye": "2023-06-18 11:56:20 +0200"
    },
    "done": true
  },
  "minecraft:recipes/building_blocks/dye_gray_wool": {
    "criteria": {
      "has_needed_dye": "2023-06-18 11:56:20 +0200"
    },
    "done": true
  },
  "minecraft:recipes/building_blocks/dye_gray_bed": {
    "criteria": {
      "has_needed_dye": "2023-06-18 11:56:20 +0200"
    },
    "done": true
  },
  "minecraft:recipes/decorations/gray_candle": {
    "criteria": {
      "has_gray_dye": "2023-06-18 11:56:20 +0200"
    },
    "done": true
  },
  "minecraft:recipes/decorations/gray_stained_glass_pane_from_glass_pane": {
    "criteria": {
      "has_gray_dye": "2023-06-18 11:56:20 +0200"
    },
    "done": true
  },
  "minecraft:recipes/building_blocks/dye_light_gray_bed": {
    "criteria": {
      "has_needed_dye": "2023-06-18 11:56:27 +0200"
    },
    "done": true
  },
  "minecraft:recipes/building_blocks/dye_light_gray_wool": {
    "criteria": {
      "has_needed_dye": "2023-06-18 11:56:27 +0200"
    },
    "done": true
  },
  "minecraft:recipes/decorations/light_gray_stained_glass_pane_from_glass_pane": {
    "criteria": {
      "has_light_gray_dye": "2023-06-18 11:56:27 +0200"
    },
    "done": true
  },
  "minecraft:recipes/decorations/light_gray_candle": {
    "criteria": {
      "has_light_gray_dye": "2023-06-18 11:56:27 +0200"
    },
    "done": true
  },
  "minecraft:recipes/building_blocks/dye_light_gray_carpet": {
    "criteria": {
      "has_needed_dye": "2023-06-18 11:56:27 +0200"
    },
    "done": true
  },
  "minecraft:recipes/building_blocks/dye_black_bed": {
    "criteria": {
      "has_needed_dye": "2023-06-18 11:56:39 +0200"
    },
    "done": true
  },
  "minecraft:recipes/decorations/black_stained_glass_pane_from_glass_pane": {
    "criteria": {
      "has_black_dye": "2023-06-18 11:56:39 +0200"
    },
    "done": true
  },
  "minecraft:recipes/misc/gray_dye": {
    "criteria": {
      "has_black_dye": "2023-06-18 11:56:39 +0200"
    },
    "done": true
  },
  "minecraft:recipes/misc/light_gray_dye_from_black_white_dye": {
    "criteria": {
      "has_black_dye": "2023-06-18 11:56:39 +0200"
    },
    "done": true
  },
  "minecraft:recipes/decorations/black_candle": {
    "criteria": {
      "has_black_dye": "2023-06-18 11:56:39 +0200"
    },
    "done": true
  },
  "minecraft:recipes/building_blocks/dye_black_carpet": {
    "criteria": {
      "has_needed_dye": "2023-06-18 11:56:39 +0200"
    },
    "done": true
  },
  "minecraft:recipes/building_blocks/dye_black_wool": {
    "criteria": {
      "has_needed_dye": "2023-06-18 11:56:39 +0200"
    },
    "done": true
  },
  "minecraft:recipes/building_blocks/dye_light_blue_wool": {
    "criteria": {
      "has_needed_dye": "2023-06-18 13:08:15 +0200"
    },
    "done": true
  },
  "minecraft:recipes/building_blocks/dye_light_blue_bed": {
    "criteria": {
      "has_needed_dye": "2023-06-18 13:08:15 +0200"
    },
    "done": true
  },
  "minecraft:recipes/building_blocks/dye_light_blue_carpet": {
    "criteria": {
      "has_needed_dye": "2023-06-18 13:08:15 +0200"
    },
    "done": true
  },
  "minecraft:recipes/decorations/light_blue_stained_glass_pane_from_glass_pane": {
    "criteria": {
      "has_light_blue_dye": "2023-06-18 13:08:15 +0200"
    },
    "done": true
  },
  "minecraft:recipes/decorations/light_blue_candle": {
    "criteria": {
      "has_light_blue_dye": "2023-06-18 13:08:15 +0200"
    },
    "done": true
  },
  "minecraft:recipes/misc/iron_nugget_from_smelting": {
    "criteria": {
      "has_chainmail_leggings": "2023-06-18 16:54:07 +0200"
    },
    "done": true
  },
  "minecraft:recipes/misc/iron_nugget_from_blasting": {
    "criteria": {
      "has_chainmail_leggings": "2023-06-18 16:54:07 +0200"
    },
    "done": true
  },
  "minecraft:recipes/misc/lime_dye": {
    "criteria": {
      "has_white_dye": "2023-06-23 20:41:40 +0200"
    },
    "done": true
  },
  "minecraft:recipes/misc/light_blue_dye_from_blue_white_dye": {
    "criteria": {
      "has_white_dye": "2023-06-23 20:41:40 +0200"
    },
    "done": true
  },
  "minecraft:recipes/building_blocks/dye_white_carpet": {
    "criteria": {
      "has_needed_dye": "2023-06-23 20:41:40 +0200"
    },
    "done": true
  },
  "minecraft:recipes/building_blocks/dye_white_wool": {
    "criteria": {
      "has_needed_dye": "2023-06-23 20:41:40 +0200"
    },
    "done": true
  },
  "minecraft:recipes/decorations/white_candle": {
    "criteria": {
      "has_white_dye": "2023-06-23 20:41:40 +0200"
    },
    "done": true
  },
  "minecraft:recipes/misc/pink_dye_from_red_white_dye": {
    "criteria": {
      "has_white_dye": "2023-06-23 20:41:40 +0200"
    },
    "done": true
  },
  "minecraft:recipes/building_blocks/dye_white_bed": {
    "criteria": {
      "has_needed_dye": "2023-06-23 20:41:40 +0200"
    },
    "done": true
  },
  "minecraft:recipes/misc/magenta_dye_from_blue_red_white_dye": {
    "criteria": {
      "has_white_dye": "2023-06-23 20:41:40 +0200"
    },
    "done": true
  },
  "minecraft:recipes/decorations/white_stained_glass_pane_from_glass_pane": {
    "criteria": {
      "has_white_dye": "2023-06-23 20:41:40 +0200"
    },
    "done": true
  },
  "minecraft:recipes/misc/pumpkin_seeds": {
    "criteria": {
      "has_pumpkin": "2023-06-24 22:04:24 +0200"
    },
    "done": true
  },
  "minecraft:recipes/food/pumpkin_pie": {
    "criteria": {
      "has_pumpkin": "2023-06-24 22:04:24 +0200"
    },
    "done": true
  },
  "DataVersion": 3465
}