{"stats":{"minecraft:custom":{"minecraft:time_since_rest":687,"minecraft:crouch_one_cm":3447,"minecraft:deaths":40,"minecraft:sprint_one_cm":164428,"minecraft:play_time":176342,"minecraft:damage_taken":4740,"minecraft:walk_one_cm":245798,"minecraft:sneak_time":3251,"minecraft:walk_under_water_one_cm":832,"minecraft:interact_with_anvil":1,"minecraft:drop":1,"minecraft:jump":736,"minecraft:leave_game":5,"minecraft:walk_on_water_one_cm":882,"minecraft:time_since_death":682,"minecraft:climb_one_cm":0,"minecraft:total_world_time":323377,"minecraft:fall_one_cm":62598,"minecraft:fly_one_cm":268550},"minecraft:dropped":{"minecraft:brown_mushroom_block":1},"minecraft:used":{"minecraft:redstone_torch":1,"minecraft:mossy_cobblestone_stairs":2,"minecraft:lever":6,"minecraft:terracotta":3,"minecraft:repeater":10,"minecraft:anvil":1,"minecraft:comparator":2,"minecraft:command_block":35,"minecraft:cherry_slab":3,"minecraft:armor_stand":1,"minecraft:light_weighted_pressure_plate":6,"minecraft:white_stained_glass":5,"minecraft:redstone":11,"minecraft:chain_command_block":50,"minecraft:red_nether_bricks":1,"minecraft:sandstone_slab":1,"minecraft:stone_button":3,"minecraft:gold_block":2,"minecraft:repeating_command_block":8,"minecraft:sandstone":2,"minecraft:stone":67,"minecraft:redstone_block":97,"minecraft:brown_mushroom_block":8,"minecraft:pumpkin":40}},"DataVersion":3465}