{"stats":{"minecraft:custom":{"minecraft:interact_with_crafting_table":9,"minecraft:open_shulker_box":1,"minecraft:leave_game":67,"minecraft:time_since_death":270,"minecraft:sprint_one_cm":2198185,"minecraft:drop":859,"minecraft:play_time":2839971,"minecraft:deaths":87,"minecraft:jump":15997,"minecraft:walk_on_water_one_cm":17555,"minecraft:damage_dealt":0,"minecraft:crouch_one_cm":296790,"minecraft:interact_with_smithing_table":1,"minecraft:climb_one_cm":15431,"minecraft:walk_one_cm":1668574,"minecraft:sneak_time":192390,"minecraft:walk_under_water_one_cm":2010,"minecraft:total_world_time":2954077,"minecraft:pot_flower":25,"minecraft:time_since_rest":270,"minecraft:damage_taken":1580,"minecraft:swim_one_cm":3327,"minecraft:fly_one_cm":23262015,"minecraft:fall_one_cm":2800},"minecraft:mined":{"minecraft:cactus":1},"minecraft:used":{"minecraft:moss_block":833,"minecraft:cherry_sapling":21,"minecraft:moss_carpet":36,"minecraft:red_sand":139,"minecraft:melon":91,"minecraft:cut_red_sandstone_slab":2,"minecraft:smooth_quartz_slab":2,"minecraft:spruce_slab":10,"minecraft:ladder":14,"minecraft:bone_block":92,"minecraft:oak_sign":14,"minecraft:white_terracotta":74,"minecraft:stone":4055,"minecraft:stripped_jungle_wood":17,"minecraft:red_nether_brick_stairs":9,"minecraft:grass":309,"minecraft:player_head":74,"minecraft:smooth_sandstone_stairs":83,"minecraft:spruce_leaves":163,"minecraft:debug_stick":381,"minecraft:pink_candle":126,"minecraft:soul_sand":80,"minecraft:jungle_planks":77,"minecraft:nether_bricks":94,"minecraft:jungle_slab":37,"minecraft:pink_terracotta":1,"minecraft:weeping_vines":36,"minecraft:stripped_spruce_log":3,"minecraft:milk_bucket":2,"minecraft:big_dripleaf":93,"minecraft:red_sandstone_stairs":1,"minecraft:jungle_sapling":18,"minecraft:glass":74,"minecraft:cyan_terracotta":2,"minecraft:lava_bucket":205,"minecraft:stripped_dark_oak_wood":10,"minecraft:warped_hyphae":48,"minecraft:spruce_wood":82,"minecraft:lantern":4,"minecraft:grass_block":711,"minecraft:packed_mud":4,"minecraft:warped_nylium":76,"minecraft:dark_oak_wood":12,"minecraft:dark_oak_slab":67,"minecraft:mossy_cobblestone_slab":96,"minecraft:cherry_leaves":253,"minecraft:cherry_button":10,"minecraft:raw_gold_block":42,"minecraft:pink_wool":49,"minecraft:item_frame":1,"minecraft:spruce_hanging_sign":4,"minecraft:brown_carpet":9,"minecraft:warped_fungus":25,"minecraft:jungle_button":2,"minecraft:oak_sapling":4,"minecraft:acacia_fence":42,"minecraft:gold_block":14,"minecraft:skeleton_skull":2,"minecraft:pink_concrete_powder":15,"minecraft:large_fern":68,"minecraft:brown_concrete_powder":26,"minecraft:stripped_spruce_wood":30,"minecraft:dark_oak_stairs":69,"minecraft:bamboo_mosaic":1,"minecraft:leather_leggings":12,"minecraft:torchflower":2,"minecraft:brick_wall":3,"minecraft:gray_carpet":1,"minecraft:jungle_fence":15,"minecraft:oak_planks":97,"minecraft:cactus":351,"minecraft:sandstone":299,"minecraft:redstone_block":2,"minecraft:structure_void":89,"minecraft:clay":500,"minecraft:sugar_cane":123,"minecraft:oak_leaves":118,"minecraft:white_wool":758,"minecraft:brain_coral":1,"minecraft:glow_berries":416,"minecraft:dark_oak_trapdoor":4,"minecraft:sand":787,"minecraft:yellow_terracotta":22,"minecraft:smooth_red_sandstone":100,"minecraft:light_gray_terracotta":109,"minecraft:stripped_cherry_wood":26,"minecraft:red_sandstone_wall":28,"minecraft:lightning_rod":20,"minecraft:birch_fence":42,"minecraft:black_terracotta":1,"minecraft:cherry_hanging_sign":5,"minecraft:chiseled_sandstone":2,"minecraft:lime_carpet":1,"minecraft:heavy_weighted_pressure_plate":1,"minecraft:barrier":237,"minecraft:warped_slab":12,"minecraft:stone_button":234,"minecraft:spore_blossom":6,"minecraft:red_terracotta":62,"minecraft:cherry_sign":4,"minecraft:cut_red_sandstone":9,"minecraft:stripped_warped_hyphae":3,"minecraft:green_candle":20,"minecraft:jungle_sign":20,"minecraft:nether_wart_block":55,"minecraft:smooth_red_sandstone_slab":113,"minecraft:smithing_table":1,"minecraft:dark_oak_fence":10,"minecraft:andesite":299,"minecraft:green_concrete_powder":13,"minecraft:chain":8,"minecraft:pink_stained_glass":2,"minecraft:mossy_cobblestone_wall":20,"minecraft:stripped_cherry_log":9,"minecraft:coarse_dirt":732,"minecraft:bone_meal":1371,"minecraft:azalea":21,"minecraft:oak_trapdoor":9,"minecraft:orange_concrete_powder":7,"minecraft:jungle_leaves":125,"minecraft:cherry_wood":80,"minecraft:brain_coral_fan":1,"minecraft:dead_bush":347,"minecraft:flint_and_steel":72,"minecraft:red_concrete":1,"minecraft:armor_stand":1,"minecraft:mycelium":609,"minecraft:light_blue_terracotta":2,"minecraft:light_gray_carpet":2,"minecraft:spruce_planks":7,"minecraft:wooden_shovel":17,"minecraft:mangrove_fence":1,"minecraft:sandstone_wall":44,"minecraft:structure_block":72,"minecraft:netherrack":408,"minecraft:dirt":3019,"minecraft:warped_wart_block":65,"minecraft:red_nether_brick_slab":8,"minecraft:light_blue_dye":1,"minecraft:crimson_hyphae":40,"minecraft:twisting_vines":17,"minecraft:cobblestone_wall":68,"minecraft:stone_stairs":38,"minecraft:nether_brick_slab":52,"minecraft:oak_wood":2,"minecraft:bee_nest":3,"minecraft:pink_carpet":5,"minecraft:jungle_trapdoor":9,"minecraft:spruce_fence":7,"minecraft:nether_brick_stairs":37,"minecraft:fern":213,"minecraft:small_dripleaf":33,"minecraft:andesite_wall":75,"minecraft:mossy_cobblestone_stairs":98,"minecraft:brown_terracotta":26,"minecraft:dark_oak_planks":112,"minecraft:flowering_azalea":18,"minecraft:sea_lantern":89,"minecraft:iron_block":1,"minecraft:light_weighted_pressure_plate":124,"minecraft:cherry_slab":142,"minecraft:spruce_button":8,"minecraft:slime_block":54,"minecraft:warped_fence":2,"minecraft:smooth_sandstone":393,"minecraft:jungle_log":89,"minecraft:cherry_trapdoor":35,"minecraft:cherry_fence_gate":5,"minecraft:barrel":5,"minecraft:bamboo":77,"minecraft:light_gray_wool":16,"minecraft:basalt":4,"minecraft:warped_stairs":6,"minecraft:tall_grass":2,"minecraft:magenta_terracotta":1,"minecraft:soul_soil":87,"minecraft:pitcher_plant":1,"minecraft:podzol":273,"minecraft:granite_wall":3,"minecraft:cobbled_deepslate":1,"minecraft:cherry_fence":36,"minecraft:cherry_log":158,"minecraft:orange_terracotta":303,"minecraft:pumpkin":89,"minecraft:hanging_roots":63,"minecraft:pointed_dripstone":22,"minecraft:water_bucket":301,"minecraft:warped_stem":1,"minecraft:light_blue_shulker_box":1,"minecraft:nether_brick_wall":9,"minecraft:sandstone_stairs":182,"minecraft:pink_glazed_terracotta":1,"minecraft:cobblestone_stairs":80,"minecraft:dirt_path":256,"minecraft:polished_andesite":6,"minecraft:red_nether_bricks":72,"minecraft:andesite_slab":40,"minecraft:smooth_sandstone_slab":169,"minecraft:cherry_planks":228,"minecraft:brown_mushroom":41,"minecraft:cut_sandstone":22,"minecraft:red_mushroom_block":337,"minecraft:sniffer_egg":3,"minecraft:spruce_sign":33,"minecraft:white_dye":1,"minecraft:cobblestone_slab":118,"minecraft:pink_concrete":7,"minecraft:vine":46,"minecraft:acacia_hanging_sign":2,"minecraft:jungle_wood":85,"minecraft:orange_carpet":2,"minecraft:mossy_cobblestone":367,"minecraft:lime_terracotta":215,"minecraft:comparator":57,"minecraft:terracotta":556,"minecraft:crafting_table":2,"minecraft:red_mushroom":28,"minecraft:birch_sign":4,"minecraft:bamboo_block":3,"minecraft:campfire":1,"minecraft:smooth_red_sandstone_stairs":51,"minecraft:spruce_log":79,"minecraft:warped_planks":11,"minecraft:mushroom_stem":299,"minecraft:oak_log":6,"minecraft:gray_terracotta":74,"minecraft:piston":3,"minecraft:flower_pot":34,"minecraft:light":19,"minecraft:acacia_sign":2,"minecraft:stripped_jungle_log":4,"minecraft:command_block":203,"minecraft:oak_button":26,"minecraft:map":8,"minecraft:stone_slab":171,"minecraft:jungle_stairs":68,"minecraft:spruce_sapling":12,"minecraft:crimson_nylium":42,"minecraft:yellow_wool":10,"minecraft:pink_petals":101,"minecraft:crimson_fungus":7,"minecraft:cobblestone":488,"minecraft:cherry_stairs":131,"minecraft:stripped_crimson_hyphae":1,"minecraft:andesite_stairs":37,"minecraft:bucket":2,"minecraft:chain_command_block":271,"minecraft:sandstone_slab":126,"minecraft:repeating_command_block":83,"minecraft:sea_pickle":15,"minecraft:dandelion":1,"minecraft:gray_wool":8,"minecraft:brown_mushroom_block":322,"minecraft:lime_candle":1,"minecraft:chainmail_leggings":10},"minecraft:crafted":{"minecraft:leather_chestplate":4,"minecraft:leather_leggings":2,"minecraft:leather_boots":2},"minecraft:picked_up":{"minecraft:stick":3,"minecraft:big_dripleaf":2,"minecraft:black_dye":1,"minecraft:cactus":5,"minecraft:leather_chestplate":1,"minecraft:dirt":1,"minecraft:leather_boots":1,"minecraft:wheat_seeds":1,"minecraft:bamboo":14,"minecraft:moss_block":1,"minecraft:lime_terracotta":1,"minecraft:sand":1,"minecraft:melon":2,"minecraft:grass_block":1,"minecraft:slime_block":1,"minecraft:cherry_wood":1,"minecraft:oak_sapling":1,"minecraft:leather_leggings":1,"minecraft:structure_block":1,"minecraft:sugar_cane":3,"minecraft:sandstone":1,"minecraft:gray_dye":1,"minecraft:white_dye":1,"minecraft:stone_button":2,"minecraft:weeping_vines":4,"minecraft:cut_sandstone":1,"minecraft:smooth_sandstone":1,"minecraft:tall_grass":1,"minecraft:warped_roots":1},"minecraft:dropped":{"minecraft:nether_brick_stairs":1,"minecraft:spruce_sign":3,"minecraft:crimson_nylium":2,"minecraft:clay":6,"minecraft:repeating_command_block":3,"minecraft:soul_sand":5,"minecraft:pink_stained_glass":1,"minecraft:piston":1,"minecraft:moss_block":9,"minecraft:brown_mushroom":2,"minecraft:dark_oak_stairs":1,"minecraft:warped_fungus":3,"minecraft:spore_blossom":2,"minecraft:sandstone_stairs":1,"minecraft:sandstone_slab":1,"minecraft:jungle_fence":4,"minecraft:dark_oak_slab":2,"minecraft:weeping_vines":2,"minecraft:lime_terracotta":6,"minecraft:glow_berries":6,"minecraft:warped_roots":2,"minecraft:jungle_planks":2,"minecraft:cherry_hanging_sign":1,"minecraft:red_sandstone_wall":1,"minecraft:mossy_cobblestone_wall":1,"minecraft:raw_gold_block":2,"minecraft:red_mushroom":2,"minecraft:structure_void":68,"minecraft:item_frame":1,"minecraft:spruce_leaves":4,"minecraft:light_weighted_pressure_plate":22,"minecraft:cobblestone_stairs":7,"minecraft:stripped_warped_hyphae":1,"minecraft:cyan_terracotta":2,"minecraft:packed_mud":1,"minecraft:dirt":98,"minecraft:melon":4,"minecraft:grass":74,"minecraft:birch_fence":2,"minecraft:stone_button":151,"minecraft:large_fern":64,"minecraft:dark_oak_wood":2,"minecraft:cut_sandstone":2,"minecraft:cherry_leaves":1,"minecraft:stripped_dark_oak_wood":1,"minecraft:cherry_button":1,"minecraft:jungle_sapling":1,"minecraft:jungle_sign":3,"minecraft:bone_meal":535,"minecraft:bone_block":2,"minecraft:sand":8,"minecraft:lime_candle":1,"minecraft:smooth_red_sandstone_slab":3,"minecraft:dark_oak_planks":2,"minecraft:pink_glazed_terracotta":1,"minecraft:white_wool":2,"minecraft:gray_dye":1,"minecraft:brown_mushroom_block":1,"minecraft:green_candle":2,"minecraft:crimson_fungus":1,"minecraft:sugar_cane":2,"minecraft:cherry_stairs":1,"minecraft:stripped_jungle_wood":3,"minecraft:twisting_vines":1,"minecraft:andesite_slab":7,"minecraft:yellow_wool":1,"minecraft:netherite_sword":1,"minecraft:black_terracotta":1,"minecraft:pink_carpet":1,"minecraft:fern":70,"minecraft:stone_stairs":3,"minecraft:jungle_trapdoor":1,"minecraft:mycelium":10,"minecraft:warped_planks":2,"minecraft:mushroom_stem":2,"minecraft:mangrove_fence":1,"minecraft:sandstone_wall":2,"minecraft:leather_chestplate":1,"minecraft:red_mushroom_block":1,"minecraft:sea_lantern":66,"minecraft:jungle_stairs":2,"minecraft:jungle_log":2,"minecraft:leather_boots":1,"minecraft:acacia_sapling":1,"minecraft:azalea":9,"minecraft:ladder":2,"minecraft:leather_leggings":1,"minecraft:white_dye":1,"minecraft:basalt":1,"minecraft:red_nether_bricks":4,"minecraft:glass":1,"minecraft:smooth_red_sandstone_stairs":3,"minecraft:podzol":10,"minecraft:chain_command_block":7,"minecraft:granite_wall":1,"minecraft:acacia_fence":1,"minecraft:oak_leaves":3,"minecraft:cherry_fence":2,"minecraft:netherrack":14,"minecraft:water_bucket":4,"minecraft:black_dye":1,"minecraft:cherry_log":1,"minecraft:mossy_cobblestone":11,"minecraft:smithing_table":1,"minecraft:barrier":15,"minecraft:yellow_terracotta":3,"minecraft:cobblestone":23,"minecraft:andesite_wall":7,"minecraft:jungle_wood":2,"minecraft:command_block":68,"minecraft:stripped_cherry_wood":2,"minecraft:stripped_jungle_log":1,"minecraft:grass_block":36,"minecraft:cherry_fence_gate":1,"minecraft:polished_andesite":2,"minecraft:stick":4,"minecraft:lava_bucket":3,"minecraft:jungle_slab":2,"minecraft:brown_concrete_powder":2,"minecraft:gray_wool":1,"minecraft:warped_slab":1,"minecraft:mossy_cobblestone_slab":1,"minecraft:smooth_red_sandstone":2,"minecraft:warped_stairs":1,"minecraft:wooden_axe":20,"minecraft:nether_wart_block":1,"minecraft:cherry_planks":1,"minecraft:map":1,"minecraft:dead_bush":13,"minecraft:brown_terracotta":2,"minecraft:nether_sprouts":1,"minecraft:smooth_quartz_slab":1,"minecraft:jungle_leaves":5,"minecraft:flowering_azalea":7,"minecraft:smooth_sandstone_slab":4,"minecraft:orange_concrete_powder":1,"minecraft:mossy_cobblestone_stairs":3,"minecraft:cactus":8,"minecraft:smooth_sandstone":6,"minecraft:pink_petals":3,"minecraft:lily_pad":65,"minecraft:chiseled_sandstone":1,"minecraft:dandelion":1,"minecraft:hanging_roots":6,"minecraft:cherry_wood":2,"minecraft:nether_brick_slab":1,"minecraft:moss_carpet":70,"minecraft:soul_soil":1,"minecraft:warped_nylium":3,"minecraft:oak_trapdoor":1,"minecraft:player_head":1,"minecraft:coarse_dirt":23,"minecraft:cobblestone_wall":4,"minecraft:light_gray_terracotta":4,"minecraft:deepslate":64,"minecraft:tall_grass":4,"minecraft:pink_candle":2,"minecraft:comparator":1,"minecraft:stone_slab":8,"minecraft:slime_block":10,"minecraft:structure_block":26,"minecraft:cherry_slab":1,"minecraft:white_terracotta":6,"minecraft:debug_stick":8,"minecraft:dirt_path":6,"minecraft:nether_bricks":1,"minecraft:oak_sign":1,"minecraft:spruce_fence":1,"minecraft:red_terracotta":2,"minecraft:lightning_rod":1,"minecraft:cut_red_sandstone":3,"minecraft:flint_and_steel":3,"minecraft:light":2,"minecraft:filled_map":5,"minecraft:big_dripleaf":2,"minecraft:cobblestone_slab":7,"minecraft:stone":34,"minecraft:gray_terracotta":6,"minecraft:flower_pot":3,"minecraft:sea_pickle":1,"minecraft:oak_button":2,"minecraft:orange_terracotta":9,"minecraft:andesite":19,"minecraft:warped_fence":1,"minecraft:pink_wool":3,"minecraft:andesite_stairs":65,"minecraft:small_dripleaf":3,"minecraft:bamboo":8,"minecraft:brown_carpet":1,"minecraft:spruce_log":1,"minecraft:sandstone":3,"minecraft:stripped_crimson_hyphae":1,"minecraft:red_sand":7,"minecraft:green_concrete_powder":1,"minecraft:crimson_hyphae":1,"minecraft:pink_concrete_powder":3,"minecraft:terracotta":13}},"DataVersion":3465}